-- MySQL dump 10.13  Distrib 8.0.36, for Win64 (x86_64)
--
-- Host: localhost    Database: mdk1601
-- ------------------------------------------------------
-- Server version	8.0.36

/*!40101 SET @OLD_CHARACTER_SET_CLIENT=@@CHARACTER_SET_CLIENT */;
/*!40101 SET @OLD_CHARACTER_SET_RESULTS=@@CHARACTER_SET_RESULTS */;
/*!40101 SET @OLD_COLLATION_CONNECTION=@@COLLATION_CONNECTION */;
/*!50503 SET NAMES utf8 */;
/*!40103 SET @OLD_TIME_ZONE=@@TIME_ZONE */;
/*!40103 SET TIME_ZONE='+00:00' */;
/*!40014 SET @OLD_UNIQUE_CHECKS=@@UNIQUE_CHECKS, UNIQUE_CHECKS=0 */;
/*!40014 SET @OLD_FOREIGN_KEY_CHECKS=@@FOREIGN_KEY_CHECKS, FOREIGN_KEY_CHECKS=0 */;
/*!40101 SET @OLD_SQL_MODE=@@SQL_MODE, SQL_MODE='NO_AUTO_VALUE_ON_ZERO' */;
/*!40111 SET @OLD_SQL_NOTES=@@SQL_NOTES, SQL_NOTES=0 */;

--
-- Temporary view structure for view `all_employees`
--

DROP TABLE IF EXISTS `all_employees`;
/*!50001 DROP VIEW IF EXISTS `all_employees`*/;
SET @saved_cs_client     = @@character_set_client;
/*!50503 SET character_set_client = utf8mb4 */;
/*!50001 CREATE VIEW `all_employees` AS SELECT 
 1 AS `Имя`,
 1 AS `Фамилия`,
 1 AS `Отчество`,
 1 AS `День рождения`,
 1 AS `Отдел`,
 1 AS `Должность`,
 1 AS `ЗП в час`*/;
SET character_set_client = @saved_cs_client;

--
-- Table structure for table `depatments`
--

DROP TABLE IF EXISTS `depatments`;
/*!40101 SET @saved_cs_client     = @@character_set_client */;
/*!50503 SET character_set_client = utf8mb4 */;
CREATE TABLE `depatments` (
  `id` int NOT NULL AUTO_INCREMENT,
  `title` varchar(255) NOT NULL,
  PRIMARY KEY (`id`)
) ENGINE=InnoDB AUTO_INCREMENT=5 DEFAULT CHARSET=utf8mb3;
/*!40101 SET character_set_client = @saved_cs_client */;

--
-- Dumping data for table `depatments`
--

LOCK TABLES `depatments` WRITE;
/*!40000 ALTER TABLE `depatments` DISABLE KEYS */;
INSERT INTO `depatments` VALUES (1,'Отдел администрации'),(2,'Отдел кадров'),(3,'Отдел продаж'),(4,'Отдел технической поддержки');
/*!40000 ALTER TABLE `depatments` ENABLE KEYS */;
UNLOCK TABLES;

--
-- Table structure for table `employees`
--

DROP TABLE IF EXISTS `employees`;
/*!40101 SET @saved_cs_client     = @@character_set_client */;
/*!50503 SET character_set_client = utf8mb4 */;
CREATE TABLE `employees` (
  `id` int NOT NULL AUTO_INCREMENT,
  `firstname` varchar(255) NOT NULL,
  `secondname` varchar(255) NOT NULL,
  `patronymic` varchar(255) NOT NULL,
  `gender` enum('male','female') NOT NULL,
  `birthday` date NOT NULL,
  `residence_address` varchar(255) NOT NULL,
  `phone` varchar(20) NOT NULL,
  `email` varchar(100) DEFAULT NULL,
  `employment_date` date NOT NULL,
  `job_title_id` int NOT NULL,
  PRIMARY KEY (`id`),
  UNIQUE KEY `phone_UNIQUE` (`phone`),
  UNIQUE KEY `email_UNIQUE` (`email`),
  KEY `fk_employees_job_title1_idx` (`job_title_id`),
  CONSTRAINT `fk_employees_job_title1` FOREIGN KEY (`job_title_id`) REFERENCES `job_title` (`id`)
) ENGINE=InnoDB AUTO_INCREMENT=21 DEFAULT CHARSET=utf8mb3;
/*!40101 SET character_set_client = @saved_cs_client */;

--
-- Dumping data for table `employees`
--

LOCK TABLES `employees` WRITE;
/*!40000 ALTER TABLE `employees` DISABLE KEYS */;
INSERT INTO `employees` VALUES (1,'Иван','Иванов','Иванович','male','1990-01-01','Улица Ленина, дом 1','89012345678','ivan@n0maci.ru','2024-04-01',16),(2,'Мария','Петрова','Сергеевна','female','1995-02-02','Улица Пушкина, дом 2','89023456789','maria@n0maci.ru','2024-04-01',6),(3,'Петр','Сидоров','Петрович','male','1988-03-03','Улица Гагарина, дом 3','89034567890','petr@n0maci.ru','2024-04-01',11),(4,'Анна','Иванова','Александровна','female','1993-04-04','Улица Маяковского, дом 4','89045678901','anna@n0maci.ru','2024-04-01',1),(5,'Алексей','Павлов','Алексеевич','male','1985-05-05','Улица Шевченко, дом 5','89056789012','alex@n0maci.ru','2024-04-01',10),(6,'Елена','Сергеева','Алексеевна','female','1990-06-06','Улица Толстого, дом 6','89067890123','elena@n0maci.ru','2024-04-01',15),(7,'Дмитрий','Михайлов','Владимирович','male','1986-07-07','Улица Горького, дом 7','89078901234','dmitry@n0maci.ru','2024-04-01',5),(8,'Алина','Андреева','Александровна','female','1991-08-08','Улица Ленина, дом 8','89089012345','alina@n0maci.ru','2024-04-01',16),(9,'Сергей','Владимиров','Васильевич','male','1987-09-09','Улица Гагарина, дом 9','89090123456','sergey@n0maci.ru','2024-04-01',2),(10,'Ольга','Сергеева','Сергеевна','female','1992-10-10','Улица Тургенева, дом 10','89001234567','olga@n0maci.ru','2024-04-01',7),(11,'Артем','Николаев','Алексеевич','male','1988-11-11','Улица Пушкина, дом 11','89012245678','artem@n0maci.ru','2024-04-01',14),(12,'Татьяна','Дмитриева','Дмитриевна','female','1993-12-12','Улица Маяковского, дом 12','89022456789','tatiana@n0maci.ru','2024-04-01',9),(13,'Игорь','Петров','Сергеевич','male','1985-01-13','Улица Шевченко, дом 13','89033567890','igor@n0maci.ru','2024-04-01',11),(14,'Евгения','Андреева','Васильевна','female','1990-02-14','Улица Толстого, дом 14','89044678901','evgenia@n0maci.ru','2024-04-01',10),(15,'Максим','Иванов','Михайлович','male','1986-03-15','Улица Горького, дом 15','89055789012','maxim@n0maci.ru','2024-04-01',4),(16,'Наталья','Петрова','Сергеевна','female','1991-04-16','Улица Ленина, дом 16','89066890123','natalia@n0maci.ru','2024-04-01',12),(17,'Андрей','Сергеев','Андреевич','male','1987-05-17','Улица Гагарина, дом 17','89077901234','andrey@n0maci.ru','2024-04-01',13),(18,'Светлана','Андреева','Игоревна','female','1992-06-18','Улица Тургенева, дом 18','89088012345','svetlana@n0maci.ru','2024-04-01',12),(19,'Александр','Максимов','Александрович','male','1988-07-19','Улица Пушкина, дом 19','89099123456','alexander@n0maci.ru','2024-04-01',8),(20,'Екатерина','Владимирова','Александровна','female','1993-08-20','Улица Маяковского, дом 20','89001134567','ekaterina@n0maci.ru','2024-04-01',8);
/*!40000 ALTER TABLE `employees` ENABLE KEYS */;
UNLOCK TABLES;

--
-- Table structure for table `job_title`
--

DROP TABLE IF EXISTS `job_title`;
/*!40101 SET @saved_cs_client     = @@character_set_client */;
/*!50503 SET character_set_client = utf8mb4 */;
CREATE TABLE `job_title` (
  `id` int NOT NULL AUTO_INCREMENT,
  `title` varchar(255) NOT NULL,
  `salary_per_hour` decimal(10,2) DEFAULT NULL,
  `depatments_id` int NOT NULL,
  PRIMARY KEY (`id`),
  KEY `fk_job_title_depatments1_idx` (`depatments_id`),
  CONSTRAINT `fk_job_title_depatments1` FOREIGN KEY (`depatments_id`) REFERENCES `depatments` (`id`)
) ENGINE=InnoDB AUTO_INCREMENT=17 DEFAULT CHARSET=utf8mb3;
/*!40101 SET character_set_client = @saved_cs_client */;

--
-- Dumping data for table `job_title`
--

LOCK TABLES `job_title` WRITE;
/*!40000 ALTER TABLE `job_title` DISABLE KEYS */;
INSERT INTO `job_title` VALUES (1,'Руководитель отдела',2000.00,1),(2,'Главный специалист отдела',1400.00,1),(3,'Специалист отдела',1000.00,1),(4,'Младший специалист отдела',600.00,1),(5,'Руководитель отдела',1500.00,2),(6,'Главный специалист отдела',1000.00,2),(7,'Специалист отдела',600.00,2),(8,'Младший специалист отдела',300.00,2),(9,'Руководитель отдела',1800.00,3),(10,'Главный специалист отдела',1400.00,3),(11,'Специалист отдела',1000.00,3),(12,'Младший специалист отдела',500.00,3),(13,'Руководитель отдела',1300.00,4),(14,'Главный специалист отдела',1000.00,4),(15,'Специалист отдела',700.00,4),(16,'Младший специалист отдела',400.00,4);
/*!40000 ALTER TABLE `job_title` ENABLE KEYS */;
UNLOCK TABLES;

--
-- Table structure for table `personal_documents`
--

DROP TABLE IF EXISTS `personal_documents`;
/*!40101 SET @saved_cs_client     = @@character_set_client */;
/*!50503 SET character_set_client = utf8mb4 */;
CREATE TABLE `personal_documents` (
  `id` int NOT NULL AUTO_INCREMENT,
  `passport` char(10) NOT NULL,
  `individual_tax_number` char(12) NOT NULL,
  `insurance_number_of_an_individual_personal_account` char(11) NOT NULL,
  `work_book_number` char(7) NOT NULL,
  `military_ticket` char(7) DEFAULT NULL,
  `employees_id` int NOT NULL,
  PRIMARY KEY (`id`),
  UNIQUE KEY `passport_UNIQUE` (`passport`),
  UNIQUE KEY `individual_tax_number_UNIQUE` (`individual_tax_number`),
  UNIQUE KEY `insurance_number_of_an_individual_personal_account_UNIQUE` (`insurance_number_of_an_individual_personal_account`),
  UNIQUE KEY `work_book_number_UNIQUE` (`work_book_number`),
  UNIQUE KEY `military_ticket_UNIQUE` (`military_ticket`),
  KEY `fk_personal_documents_employees1_idx` (`employees_id`),
  CONSTRAINT `fk_personal_documents_employees1` FOREIGN KEY (`employees_id`) REFERENCES `employees` (`id`)
) ENGINE=InnoDB AUTO_INCREMENT=21 DEFAULT CHARSET=utf8mb3;
/*!40101 SET character_set_client = @saved_cs_client */;

--
-- Dumping data for table `personal_documents`
--

LOCK TABLES `personal_documents` WRITE;
/*!40000 ALTER TABLE `personal_documents` DISABLE KEYS */;
INSERT INTO `personal_documents` VALUES (1,'6453709766','009339837570','07338058862','8670781','1339733',1),(2,'0686320830','009412404717','05003061401','6778093','8881281',2),(3,'4072130419','003716806642','06367642261','6877916','4336031',3),(4,'9616785039','005075829629','06528793337','7416478','7496010',4),(5,'5230620079','003665068255','02633481344','2172202','2960567',5),(6,'8286231503','002549455028','07888580940','1794539','5306957',6),(7,'1151166075','009834959357','05721298871','9101616','8344186',7),(8,'4416083762','007047859185','01991044946','8811647','8085102',8),(9,'3990572238','005697552874','06516047964','5487581','7889763',9),(10,'2986075508','001261086018','07347203872','2952761','2722196',10),(11,'4752699299','005596906501','03726434916','1841455','8027972',11),(12,'4615496531','008993565541','01121338420','8625995','9765963',12),(13,'2951832816','005461272472','08450864216','5870503','3999927',13),(14,'2388126042','009940847922','02539861791','2876765','6764242',14),(15,'5190915926','005661852672','02736515889','6697021','5275561',15),(16,'6286741743','005607025032','09174900240','9053426','7742431',16),(17,'1551879301','004532101875','08004871781','6428053','8125652',17),(18,'1344104093','002343562042','07685498239','1396805','3927532',18),(19,'5447246511','005453635468','00926438114','8271284','8577108',19),(20,'8071688560','004627118105','08920525153','7212717','6844783',20);
/*!40000 ALTER TABLE `personal_documents` ENABLE KEYS */;
UNLOCK TABLES;

--
-- Table structure for table `salary`
--

DROP TABLE IF EXISTS `salary`;
/*!40101 SET @saved_cs_client     = @@character_set_client */;
/*!50503 SET character_set_client = utf8mb4 */;
CREATE TABLE `salary` (
  `id` int NOT NULL AUTO_INCREMENT,
  `salary_date` date NOT NULL,
  `number_of_hours_worked` int NOT NULL,
  `final_salary` decimal(10,2) NOT NULL,
  `employees_id` int NOT NULL,
  PRIMARY KEY (`id`),
  KEY `fk_salary_employees1_idx` (`employees_id`),
  CONSTRAINT `fk_salary_employees1` FOREIGN KEY (`employees_id`) REFERENCES `employees` (`id`)
) ENGINE=InnoDB AUTO_INCREMENT=2 DEFAULT CHARSET=utf8mb3;
/*!40101 SET character_set_client = @saved_cs_client */;

--
-- Dumping data for table `salary`
--

LOCK TABLES `salary` WRITE;
/*!40000 ALTER TABLE `salary` DISABLE KEYS */;
INSERT INTO `salary` VALUES (1,'2024-05-22',88,132000.00,7);
/*!40000 ALTER TABLE `salary` ENABLE KEYS */;
UNLOCK TABLES;

--
-- Table structure for table `time_tracking`
--

DROP TABLE IF EXISTS `time_tracking`;
/*!40101 SET @saved_cs_client     = @@character_set_client */;
/*!50503 SET character_set_client = utf8mb4 */;
CREATE TABLE `time_tracking` (
  `id` int NOT NULL AUTO_INCREMENT,
  `date` date NOT NULL,
  `amount` int NOT NULL,
  `employees_id` int NOT NULL,
  PRIMARY KEY (`id`),
  KEY `fk_time_tracking_employees1_idx` (`employees_id`),
  CONSTRAINT `fk_time_tracking_employees1` FOREIGN KEY (`employees_id`) REFERENCES `employees` (`id`)
) ENGINE=InnoDB AUTO_INCREMENT=421 DEFAULT CHARSET=utf8mb3;
/*!40101 SET character_set_client = @saved_cs_client */;

--
-- Dumping data for table `time_tracking`
--

LOCK TABLES `time_tracking` WRITE;
/*!40000 ALTER TABLE `time_tracking` DISABLE KEYS */;
INSERT INTO `time_tracking` VALUES (1,'2024-04-01',8,1),(2,'2024-04-01',8,2),(3,'2024-04-01',8,3),(4,'2024-04-01',8,4),(5,'2024-04-01',8,5),(6,'2024-04-01',8,6),(7,'2024-04-01',8,7),(8,'2024-04-01',8,8),(9,'2024-04-01',8,9),(10,'2024-04-01',8,10),(11,'2024-04-01',8,11),(12,'2024-04-01',8,12),(13,'2024-04-01',8,13),(14,'2024-04-01',8,14),(15,'2024-04-01',8,15),(16,'2024-04-01',8,16),(17,'2024-04-01',8,17),(18,'2024-04-01',8,18),(19,'2024-04-01',8,19),(20,'2024-04-01',8,20),(21,'2024-04-02',8,1),(22,'2024-04-02',8,2),(23,'2024-04-02',8,3),(24,'2024-04-02',8,4),(25,'2024-04-02',8,5),(26,'2024-04-02',8,6),(27,'2024-04-02',8,7),(28,'2024-04-02',8,8),(29,'2024-04-02',8,9),(30,'2024-04-02',8,10),(31,'2024-04-02',8,11),(32,'2024-04-02',8,12),(33,'2024-04-02',8,13),(34,'2024-04-02',8,14),(35,'2024-04-02',8,15),(36,'2024-04-02',8,16),(37,'2024-04-02',8,17),(38,'2024-04-02',8,18),(39,'2024-04-02',8,19),(40,'2024-04-02',8,20),(41,'2024-04-03',8,1),(42,'2024-04-03',8,2),(43,'2024-04-03',8,3),(44,'2024-04-03',8,4),(45,'2024-04-03',8,5),(46,'2024-04-03',8,6),(47,'2024-04-03',8,7),(48,'2024-04-03',8,8),(49,'2024-04-03',8,9),(50,'2024-04-03',8,10),(51,'2024-04-03',8,11),(52,'2024-04-03',8,12),(53,'2024-04-03',8,13),(54,'2024-04-03',8,14),(55,'2024-04-03',8,15),(56,'2024-04-03',8,16),(57,'2024-04-03',8,17),(58,'2024-04-03',8,18),(59,'2024-04-03',8,19),(60,'2024-04-03',8,20),(61,'2024-04-04',8,1),(62,'2024-04-04',8,2),(63,'2024-04-04',8,3),(64,'2024-04-04',8,4),(65,'2024-04-04',8,5),(66,'2024-04-04',8,6),(67,'2024-04-04',8,7),(68,'2024-04-04',8,8),(69,'2024-04-04',8,9),(70,'2024-04-04',8,10),(71,'2024-04-04',8,11),(72,'2024-04-04',8,12),(73,'2024-04-04',8,13),(74,'2024-04-04',8,14),(75,'2024-04-04',8,15),(76,'2024-04-04',8,16),(77,'2024-04-04',8,17),(78,'2024-04-04',8,18),(79,'2024-04-04',8,19),(80,'2024-04-04',8,20),(81,'2024-04-05',8,1),(82,'2024-04-05',8,2),(83,'2024-04-05',8,3),(84,'2024-04-05',8,4),(85,'2024-04-05',8,5),(86,'2024-04-05',8,6),(87,'2024-04-05',8,7),(88,'2024-04-05',8,8),(89,'2024-04-05',8,9),(90,'2024-04-05',8,10),(91,'2024-04-05',8,11),(92,'2024-04-05',8,12),(93,'2024-04-05',8,13),(94,'2024-04-05',8,14),(95,'2024-04-05',8,15),(96,'2024-04-05',8,16),(97,'2024-04-05',8,17),(98,'2024-04-05',8,18),(99,'2024-04-05',8,19),(100,'2024-04-05',8,20),(101,'2024-04-08',8,1),(102,'2024-04-08',8,2),(103,'2024-04-08',8,3),(104,'2024-04-08',8,4),(105,'2024-04-08',8,5),(106,'2024-04-08',8,6),(107,'2024-04-08',8,7),(108,'2024-04-08',8,8),(109,'2024-04-08',8,9),(110,'2024-04-08',8,10),(111,'2024-04-08',8,11),(112,'2024-04-08',8,12),(113,'2024-04-08',8,13),(114,'2024-04-08',8,14),(115,'2024-04-08',8,15),(116,'2024-04-08',8,16),(117,'2024-04-08',8,17),(118,'2024-04-08',8,18),(119,'2024-04-08',8,19),(120,'2024-04-08',8,20),(121,'2024-04-09',8,1),(122,'2024-04-09',8,2),(123,'2024-04-09',8,3),(124,'2024-04-09',8,4),(125,'2024-04-09',8,5),(126,'2024-04-09',8,6),(127,'2024-04-09',8,7),(128,'2024-04-09',8,8),(129,'2024-04-09',8,9),(130,'2024-04-09',8,10),(131,'2024-04-09',8,11),(132,'2024-04-09',8,12),(133,'2024-04-09',8,13),(134,'2024-04-09',8,14),(135,'2024-04-09',8,15),(136,'2024-04-09',8,16),(137,'2024-04-09',8,17),(138,'2024-04-09',8,18),(139,'2024-04-09',8,19),(140,'2024-04-09',8,20),(141,'2024-04-10',8,1),(142,'2024-04-10',8,2),(143,'2024-04-10',8,3),(144,'2024-04-10',8,4),(145,'2024-04-10',8,5),(146,'2024-04-10',8,6),(147,'2024-04-10',8,7),(148,'2024-04-10',8,8),(149,'2024-04-10',8,9),(150,'2024-04-10',8,10),(151,'2024-04-10',8,11),(152,'2024-04-10',8,12),(153,'2024-04-10',8,13),(154,'2024-04-10',8,14),(155,'2024-04-10',8,15),(156,'2024-04-10',8,16),(157,'2024-04-10',8,17),(158,'2024-04-10',8,18),(159,'2024-04-10',8,19),(160,'2024-04-10',8,20),(161,'2024-04-11',8,1),(162,'2024-04-11',8,2),(163,'2024-04-11',8,3),(164,'2024-04-11',8,4),(165,'2024-04-11',8,5),(166,'2024-04-11',8,6),(167,'2024-04-11',8,7),(168,'2024-04-11',8,8),(169,'2024-04-11',8,9),(170,'2024-04-11',8,10),(171,'2024-04-11',8,11),(172,'2024-04-11',8,12),(173,'2024-04-11',8,13),(174,'2024-04-11',8,14),(175,'2024-04-11',8,15),(176,'2024-04-11',8,16),(177,'2024-04-11',8,17),(178,'2024-04-11',8,18),(179,'2024-04-11',8,19),(180,'2024-04-11',8,20),(181,'2024-04-12',8,1),(182,'2024-04-12',8,2),(183,'2024-04-12',8,3),(184,'2024-04-12',8,4),(185,'2024-04-12',8,5),(186,'2024-04-12',8,6),(187,'2024-04-12',8,7),(188,'2024-04-12',8,8),(189,'2024-04-12',8,9),(190,'2024-04-12',8,10),(191,'2024-04-12',8,11),(192,'2024-04-12',8,12),(193,'2024-04-12',8,13),(194,'2024-04-12',8,14),(195,'2024-04-12',8,15),(196,'2024-04-12',8,16),(197,'2024-04-12',8,17),(198,'2024-04-12',8,18),(199,'2024-04-12',8,19),(200,'2024-04-12',8,20),(201,'2024-04-15',8,1),(202,'2024-04-15',8,2),(203,'2024-04-15',8,3),(204,'2024-04-15',8,4),(205,'2024-04-15',8,5),(206,'2024-04-15',8,6),(207,'2024-04-15',8,7),(208,'2024-04-15',8,8),(209,'2024-04-15',8,9),(210,'2024-04-15',8,10),(211,'2024-04-15',8,11),(212,'2024-04-15',8,12),(213,'2024-04-15',8,13),(214,'2024-04-15',8,14),(215,'2024-04-15',8,15),(216,'2024-04-15',8,16),(217,'2024-04-15',8,17),(218,'2024-04-15',8,18),(219,'2024-04-15',8,19),(220,'2024-04-15',8,20),(221,'2024-04-16',8,1),(222,'2024-04-16',8,2),(223,'2024-04-16',8,3),(224,'2024-04-16',8,4),(225,'2024-04-16',8,5),(226,'2024-04-16',8,6),(227,'2024-04-16',8,7),(228,'2024-04-16',8,8),(229,'2024-04-16',8,9),(230,'2024-04-16',8,10),(231,'2024-04-16',8,11),(232,'2024-04-16',8,12),(233,'2024-04-16',8,13),(234,'2024-04-16',8,14),(235,'2024-04-16',8,15),(236,'2024-04-16',8,16),(237,'2024-04-16',8,17),(238,'2024-04-16',8,18),(239,'2024-04-16',8,19),(240,'2024-04-16',8,20),(241,'2024-04-17',8,1),(242,'2024-04-17',8,2),(243,'2024-04-17',8,3),(244,'2024-04-17',8,4),(245,'2024-04-17',8,5),(246,'2024-04-17',8,6),(247,'2024-04-17',8,7),(248,'2024-04-17',8,8),(249,'2024-04-17',8,9),(250,'2024-04-17',8,10),(251,'2024-04-17',8,11),(252,'2024-04-17',8,12),(253,'2024-04-17',8,13),(254,'2024-04-17',8,14),(255,'2024-04-17',8,15),(256,'2024-04-17',8,16),(257,'2024-04-17',8,17),(258,'2024-04-17',8,18),(259,'2024-04-17',8,19),(260,'2024-04-17',8,20),(261,'2024-04-18',8,1),(262,'2024-04-18',8,2),(263,'2024-04-18',8,3),(264,'2024-04-18',8,4),(265,'2024-04-18',8,5),(266,'2024-04-18',8,6),(267,'2024-04-18',8,7),(268,'2024-04-18',8,8),(269,'2024-04-18',8,9),(270,'2024-04-18',8,10),(271,'2024-04-18',8,11),(272,'2024-04-18',8,12),(273,'2024-04-18',8,13),(274,'2024-04-18',8,14),(275,'2024-04-18',8,15),(276,'2024-04-18',8,16),(277,'2024-04-18',8,17),(278,'2024-04-18',8,18),(279,'2024-04-18',8,19),(280,'2024-04-18',8,20),(281,'2024-04-19',8,1),(282,'2024-04-19',8,2),(283,'2024-04-19',8,3),(284,'2024-04-19',8,4),(285,'2024-04-19',8,5),(286,'2024-04-19',8,6),(287,'2024-04-19',8,7),(288,'2024-04-19',8,8),(289,'2024-04-19',8,9),(290,'2024-04-19',8,10),(291,'2024-04-19',8,11),(292,'2024-04-19',8,12),(293,'2024-04-19',8,13),(294,'2024-04-19',8,14),(295,'2024-04-19',8,15),(296,'2024-04-19',8,16),(297,'2024-04-19',8,17),(298,'2024-04-19',8,18),(299,'2024-04-19',8,19),(300,'2024-04-19',8,20),(301,'2024-04-22',8,1),(302,'2024-04-22',8,2),(303,'2024-04-22',8,3),(304,'2024-04-22',8,4),(305,'2024-04-22',8,5),(306,'2024-04-22',8,6),(307,'2024-04-22',8,7),(308,'2024-04-22',8,8),(309,'2024-04-22',8,9),(310,'2024-04-22',8,10),(311,'2024-04-22',8,11),(312,'2024-04-22',8,12),(313,'2024-04-22',8,13),(314,'2024-04-22',8,14),(315,'2024-04-22',8,15),(316,'2024-04-22',8,16),(317,'2024-04-22',8,17),(318,'2024-04-22',8,18),(319,'2024-04-22',8,19),(320,'2024-04-22',8,20),(321,'2024-04-23',8,1),(322,'2024-04-23',8,2),(323,'2024-04-23',8,3),(324,'2024-04-23',8,4),(325,'2024-04-23',8,5),(326,'2024-04-23',8,6),(327,'2024-04-23',8,7),(328,'2024-04-23',8,8),(329,'2024-04-23',8,9),(330,'2024-04-23',8,10),(331,'2024-04-23',8,11),(332,'2024-04-23',8,12),(333,'2024-04-23',8,13),(334,'2024-04-23',8,14),(335,'2024-04-23',8,15),(336,'2024-04-23',8,16),(337,'2024-04-23',8,17),(338,'2024-04-23',8,18),(339,'2024-04-23',8,19),(340,'2024-04-23',8,20),(341,'2024-04-24',8,1),(342,'2024-04-24',8,2),(343,'2024-04-24',8,3),(344,'2024-04-24',8,4),(345,'2024-04-24',8,5),(346,'2024-04-24',8,6),(347,'2024-04-24',8,7),(348,'2024-04-24',8,8),(349,'2024-04-24',8,9),(350,'2024-04-24',8,10),(351,'2024-04-24',8,11),(352,'2024-04-24',8,12),(353,'2024-04-24',8,13),(354,'2024-04-24',8,14),(355,'2024-04-24',8,15),(356,'2024-04-24',8,16),(357,'2024-04-24',8,17),(358,'2024-04-24',8,18),(359,'2024-04-24',8,19),(360,'2024-04-24',8,20),(361,'2024-04-25',8,1),(362,'2024-04-25',8,2),(363,'2024-04-25',8,3),(364,'2024-04-25',8,4),(365,'2024-04-25',8,5),(366,'2024-04-25',8,6),(367,'2024-04-25',8,7),(368,'2024-04-25',8,8),(369,'2024-04-25',8,9),(370,'2024-04-25',8,10),(371,'2024-04-25',8,11),(372,'2024-04-25',8,12),(373,'2024-04-25',8,13),(374,'2024-04-25',8,14),(375,'2024-04-25',8,15),(376,'2024-04-25',8,16),(377,'2024-04-25',8,17),(378,'2024-04-25',8,18),(379,'2024-04-25',8,19),(380,'2024-04-25',8,20),(381,'2024-04-26',8,1),(382,'2024-04-26',8,2),(383,'2024-04-26',8,3),(384,'2024-04-26',8,4),(385,'2024-04-26',8,5),(386,'2024-04-26',8,6),(387,'2024-04-26',8,7),(388,'2024-04-26',8,8),(389,'2024-04-26',8,9),(390,'2024-04-26',8,10),(391,'2024-04-26',8,11),(392,'2024-04-26',8,12),(393,'2024-04-26',8,13),(394,'2024-04-26',8,14),(395,'2024-04-26',8,15),(396,'2024-04-26',8,16),(397,'2024-04-26',8,17),(398,'2024-04-26',8,18),(399,'2024-04-26',8,19),(400,'2024-04-26',8,20),(401,'2024-04-27',8,1),(402,'2024-04-27',8,2),(403,'2024-04-27',8,3),(404,'2024-04-27',8,4),(405,'2024-04-27',8,5),(406,'2024-04-27',8,6),(407,'2024-04-27',8,7),(408,'2024-04-27',8,8),(409,'2024-04-27',8,9),(410,'2024-04-27',8,10),(411,'2024-04-27',8,11),(412,'2024-04-27',8,12),(413,'2024-04-27',8,13),(414,'2024-04-27',8,14),(415,'2024-04-27',8,15),(416,'2024-04-27',8,16),(417,'2024-04-27',8,17),(418,'2024-04-27',8,18),(419,'2024-04-27',8,19),(420,'2024-04-27',8,20);
/*!40000 ALTER TABLE `time_tracking` ENABLE KEYS */;
UNLOCK TABLES;

--
-- Final view structure for view `all_employees`
--

/*!50001 DROP VIEW IF EXISTS `all_employees`*/;
/*!50001 SET @saved_cs_client          = @@character_set_client */;
/*!50001 SET @saved_cs_results         = @@character_set_results */;
/*!50001 SET @saved_col_connection     = @@collation_connection */;
/*!50001 SET character_set_client      = utf8mb3 */;
/*!50001 SET character_set_results     = utf8mb3 */;
/*!50001 SET collation_connection      = utf8mb3_general_ci */;
/*!50001 CREATE ALGORITHM=UNDEFINED */
/*!50013 DEFINER=`root`@`localhost` SQL SECURITY DEFINER */
/*!50001 VIEW `all_employees` AS select `employees`.`firstname` AS `Имя`,`employees`.`secondname` AS `Фамилия`,`employees`.`patronymic` AS `Отчество`,`employees`.`birthday` AS `День рождения`,`depatments`.`title` AS `Отдел`,`job_title`.`title` AS `Должность`,`job_title`.`salary_per_hour` AS `ЗП в час` from (((`employees` join `personal_documents` on((`personal_documents`.`employees_id` = `employees`.`id`))) join `job_title` on((`job_title`.`id` = `employees`.`job_title_id`))) join `depatments` on((`depatments`.`id` = `job_title`.`depatments_id`))) */;
/*!50001 SET character_set_client      = @saved_cs_client */;
/*!50001 SET character_set_results     = @saved_cs_results */;
/*!50001 SET collation_connection      = @saved_col_connection */;
/*!40103 SET TIME_ZONE=@OLD_TIME_ZONE */;

/*!40101 SET SQL_MODE=@OLD_SQL_MODE */;
/*!40014 SET FOREIGN_KEY_CHECKS=@OLD_FOREIGN_KEY_CHECKS */;
/*!40014 SET UNIQUE_CHECKS=@OLD_UNIQUE_CHECKS */;
/*!40101 SET CHARACTER_SET_CLIENT=@OLD_CHARACTER_SET_CLIENT */;
/*!40101 SET CHARACTER_SET_RESULTS=@OLD_CHARACTER_SET_RESULTS */;
/*!40101 SET COLLATION_CONNECTION=@OLD_COLLATION_CONNECTION */;
/*!40111 SET SQL_NOTES=@OLD_SQL_NOTES */;

-- Dump completed on 2024-05-22 22:42:53
